Workbook

Sheet grading sheet
A9: GRADING SHEET FOR FIRST SEMESTER F.Y. 2024-2025
A10: Course Code GE1 | D10: CLASS STANDING | O10: PROJECT | Q10: MAJOR EXAM | Z10: Final Grade | AA10: NET EQUIVALENT | AB10: REMARKS | AC10: REMOVAL
A11: Subject Title: PURPOSIVE COMMUNICATION | C11: Quizzes / Activities | D11: Quizzes / Activities 10% | J11: Performance 10% | L11: Attendance 10% | N11: Class Standing30% | Q11: PRELIMS | T11: MIDTERM | W11: FINALS
A12: Name of Students | G12: Total | H12: Equivalent | I12: 0.1 | O12: Equivalent | P12: 0.1 | Q12: PRELIMS SCORE | R12: Equivalent | S12: 0.2 | T12: MIDTERM SCORE | U12: Equivalent | V12: 0.2 | W12: FINALS SCORE | X12: Equivalent | Y12: 0.2 | AC12: FINAL GRADE | AD12: NET EQUIVALENT
A13: BPA1E | D13: 10 | E13: 10 | F13: 10 | G13: =SUM(D13:F13) -> 30 | J13: 100 | L13: 100 | O13: 100 | Q13: 60 | T13: 20 | W13: 60
A14: 1 | G14: =SUM(D14:F14) -> 0 | H14: =+G14/G13*70+30 -> 30 | I14: =+H14*0.1 -> 3 | K14: =J14*0.1 -> 0 | M14: =L14*0.1 -> 0 | N14: =+M14+K14+I14 -> 3 | P14: =O14*0.1 -> 0 | R14: =Q14/60*70+30 -> 30 | S14: =R14*0.2 -> 6 | U14: =T14/60*70+30 -> 30 | V14: =U14*0.2 -> 6 | X14: =W14/60*70+30 -> 30 | Y14: =X14*0.2 -> 6 | Z14: =N14+P14+V14+Y14+S14 -> 21 | AA14: =IF(OR(N14="",P14="",V14="",Y14="",Z14=""),"",IF(Z14<=74.99,"5.00",IF(Z14<=75.49,"3.00",IF(Z14<=78.49,"2.75",IF(Z14<=81.49,"2.50",IF(Z14<=84.49,"2.25",IF(Z14<=87.49,"2.00",IF(Z14<=90.49,"1.75",IF(Z14<=93.49,"1.50",IF(Z14<=96.49,"1.25",IF(Z14<=100,"1.00"))))))))))) -> 5.00 | AB14: =IF(AA14="","",IF(Z14>=75,"PASSED","FAILED")) -> FAILED
A15: 2 | G15: =SUM(D15:F15) -> 0 | H15: =+G15/G13*70+30 -> 30 | I15: =+H15*0.1 -> 3 | K15: =J15*0.1 -> 0 | M15: =L15*0.1 -> 0 | N15: =+M15+K15+I15 -> 3 | P15: =O15*0.1 -> 0 | R15: =Q15/60*70+30 -> 30 | S15: =R15*0.2 -> 6 | U15: =T15/60*70+30 -> 30 | V15: =U15*0.2 -> 6 | X15: =W15/60*70+30 -> 30 | Y15: =X15*0.2 -> 6 | Z15: =N15+P15+V15+Y15+S15 -> 21 | AA15: =IF(OR(N15="",P15="",V15="",Y15="",Z15=""),"",IF(Z15<=74.99,"5.00",IF(Z15<=75.49,"3.00",IF(Z15<=78.49,"2.75",IF(Z15<=81.49,"2.50",IF(Z15<=84.49,"2.25",IF(Z15<=87.49,"2.00",IF(Z15<=90.49,"1.75",IF(Z15<=93.49,"1.50",IF(Z15<=96.49,"1.25",IF(Z15<=100,"1.00"))))))))))) -> 5.00 | AB15: =IF(AA15="","",IF(Z15>=75,"PASSED","FAILED")) -> FAILED
A16: 3 | G16: =SUM(D16:F16) -> 0 | H16: =+G16/G13*70+30 -> 30 | I16: =+H16*0.1 -> 3 | K16: =J16*0.1 -> 0 | M16: =L16*0.1 -> 0 | N16: =+M16+K16+I16 -> 3 | P16: =O16*0.1 -> 0 | R16: =Q16/60*70+30 -> 30 | S16: =R16*0.2 -> 6 | U16: =T16/60*70+30 -> 30 | V16: =U16*0.2 -> 6 | X16: =W16/60*70+30 -> 30 | Y16: =X16*0.2 -> 6 | Z16: =N16+P16+V16+Y16+S16 -> 21 | AA16: =IF(OR(N16="",P16="",V16="",Y16="",Z16=""),"",IF(Z16<=74.99,"5.00",IF(Z16<=75.49,"3.00",IF(Z16<=78.49,"2.75",IF(Z16<=81.49,"2.50",IF(Z16<=84.49,"2.25",IF(Z16<=87.49,"2.00",IF(Z16<=90.49,"1.75",IF(Z16<=93.49,"1.50",IF(Z16<=96.49,"1.25",IF(Z16<=100,"1.00"))))))))))) -> 5.00 | AB16: =IF(AA16="","",IF(Z16>=75,"PASSED","FAILED")) -> FAILED
A17: 4 | G17: =SUM(D17:F17) -> 0 | H17: =+G17/G13*70+30 -> 30 | I17: =+H17*0.1 -> 3 | K17: =J17*0.1 -> 0 | M17: =L17*0.1 -> 0 | N17: =+M17+K17+I17 -> 3 | P17: =O17*0.1 -> 0 | R17: =Q17/60*70+30 -> 30 | S17: =R17*0.2 -> 6 | U17: =T17/60*70+30 -> 30 | V17: =U17*0.2 -> 6 | X17: =W17/60*70+30 -> 30 | Y17: =X17*0.2 -> 6 | Z17: =N17+P17+V17+Y17+S17 -> 21 | AA17: =IF(OR(N17="",P17="",V17="",Y17="",Z17=""),"",IF(Z17<=74.99,"5.00",IF(Z17<=75.49,"3.00",IF(Z17<=78.49,"2.75",IF(Z17<=81.49,"2.50",IF(Z17<=84.49,"2.25",IF(Z17<=87.49,"2.00",IF(Z17<=90.49,"1.75",IF(Z17<=93.49,"1.50",IF(Z17<=96.49,"1.25",IF(Z17<=100,"1.00"))))))))))) -> 5.00 | AB17: =IF(AA17="","",IF(Z17>=75,"PASSED","FAILED")) -> FAILED
A18: 5 | G18: =SUM(D18:F18) -> 0 | H18: =+G18/G13*70+30 -> 30 | I18: =+H18*0.1 -> 3 | K18: =J18*0.1 -> 0 | M18: =L18*0.1 -> 0 | N18: =+M18+K18+I18 -> 3 | P18: =O18*0.1 -> 0 | R18: =Q18/60*70+30 -> 30 | S18: =R18*0.2 -> 6 | U18: =T18/60*70+30 -> 30 | V18: =U18*0.2 -> 6 | X18: =W18/60*70+30 -> 30 | Y18: =X18*0.2 -> 6 | Z18: =N18+P18+V18+Y18+S18 -> 21 | AA18: =IF(OR(N18="",P18="",V18="",Y18="",Z18=""),"",IF(Z18<=74.99,"5.00",IF(Z18<=75.49,"3.00",IF(Z18<=78.49,"2.75",IF(Z18<=81.49,"2.50",IF(Z18<=84.49,"2.25",IF(Z18<=87.49,"2.00",IF(Z18<=90.49,"1.75",IF(Z18<=93.49,"1.50",IF(Z18<=96.49,"1.25",IF(Z18<=100,"1.00"))))))))))) -> 5.00 | AB18: =IF(AA18="","",IF(Z18>=75,"PASSED","FAILED")) -> FAILED
A19: 6 | G19: =SUM(D19:F19) -> 0 | H19: =+G19/G13*70+30 -> 30 | I19: =+H19*0.1 -> 3 | K19: =J19*0.1 -> 0 | M19: =L19*0.1 -> 0 | N19: =+M19+K19+I19 -> 3 | P19: =O19*0.1 -> 0 | R19: =Q19/60*70+30 -> 30 | S19: =R19*0.2 -> 6 | U19: =T19/60*70+30 -> 30 | V19: =U19*0.2 -> 6 | X19: =W19/60*70+30 -> 30 | Y19: =X19*0.2 -> 6 | Z19: =N19+P19+V19+Y19+S19 -> 21 | AA19: =IF(OR(N19="",P19="",V19="",Y19="",Z19=""),"",IF(Z19<=74.99,"5.00",IF(Z19<=75.49,"3.00",IF(Z19<=78.49,"2.75",IF(Z19<=81.49,"2.50",IF(Z19<=84.49,"2.25",IF(Z19<=87.49,"2.00",IF(Z19<=90.49,"1.75",IF(Z19<=93.49,"1.50",IF(Z19<=96.49,"1.25",IF(Z19<=100,"1.00"))))))))))) -> 5.00 | AB19: =IF(AA19="","",IF(Z19>=75,"PASSED","FAILED")) -> FAILED
A20: 7 | G20: =SUM(D20:F20) -> 0 | H20: =+G20/G13*70+30 -> 30 | I20: =+H20*0.1 -> 3 | K20: =J20*0.1 -> 0 | M20: =L20*0.1 -> 0 | N20: =+M20+K20+I20 -> 3 | P20: =O20*0.1 -> 0 | R20: =Q20/60*70+30 -> 30 | S20: =R20*0.2 -> 6 | U20: =T20/60*70+30 -> 30 | V20: =U20*0.2 -> 6 | X20: =W20/60*70+30 -> 30 | Y20: =X20*0.2 -> 6 | Z20: =N20+P20+V20+Y20+S20 -> 21 | AA20: =IF(OR(N20="",P20="",V20="",Y20="",Z20=""),"",IF(Z20<=74.99,"5.00",IF(Z20<=75.49,"3.00",IF(Z20<=78.49,"2.75",IF(Z20<=81.49,"2.50",IF(Z20<=84.49,"2.25",IF(Z20<=87.49,"2.00",IF(Z20<=90.49,"1.75",IF(Z20<=93.49,"1.50",IF(Z20<=96.49,"1.25",IF(Z20<=100,"1.00"))))))))))) -> 5.00 | AB20: =IF(AA20="","",IF(Z20>=75,"PASSED","FAILED")) -> FAILED
A21: 8 | G21: =SUM(D21:F21) -> 0 | H21: =+G21/G13*70+30 -> 30 | I21: =+H21*0.1 -> 3 | K21: =J21*0.1 -> 0 | M21: =L21*0.1 -> 0 | N21: =+M21+K21+I21 -> 3 | P21: =O21*0.1 -> 0 | R21: =Q21/60*70+30 -> 30 | S21: =R21*0.2 -> 6 | U21: =T21/60*70+30 -> 30 | V21: =U21*0.2 -> 6 | X21: =W21/60*70+30 -> 30 | Y21: =X21*0.2 -> 6 | Z21: =N21+P21+V21+Y21+S21 -> 21 | AA21: =IF(OR(N21="",P21="",V21="",Y21="",Z21=""),"",IF(Z21<=74.99,"5.00",IF(Z21<=75.49,"3.00",IF(Z21<=78.49,"2.75",IF(Z21<=81.49,"2.50",IF(Z21<=84.49,"2.25",IF(Z21<=87.49,"2.00",IF(Z21<=90.49,"1.75",IF(Z21<=93.49,"1.50",IF(Z21<=96.49,"1.25",IF(Z21<=100,"1.00"))))))))))) -> 5.00 | AB21: =IF(AA21="","",IF(Z21>=75,"PASSED","FAILED")) -> FAILED
A22: 9 | G22: =SUM(D22:F22) -> 0 | H22: =+G22/G13*70+30 -> 30 | I22: =+H22*0.1 -> 3 | K22: =J22*0.1 -> 0 | M22: =L22*0.1 -> 0 | N22: =+M22+K22+I22 -> 3 | P22: =O22*0.1 -> 0 | R22: =Q22/60*70+30 -> 30 | S22: =R22*0.2 -> 6 | U22: =T22/60*70+30 -> 30 | V22: =U22*0.2 -> 6 | X22: =W22/60*70+30 -> 30 | Y22: =X22*0.2 -> 6 | Z22: =N22+P22+V22+Y22+S22 -> 21 | AA22: =IF(OR(N22="",P22="",V22="",Y22="",Z22=""),"",IF(Z22<=74.99,"5.00",IF(Z22<=75.49,"3.00",IF(Z22<=78.49,"2.75",IF(Z22<=81.49,"2.50",IF(Z22<=84.49,"2.25",IF(Z22<=87.49,"2.00",IF(Z22<=90.49,"1.75",IF(Z22<=93.49,"1.50",IF(Z22<=96.49,"1.25",IF(Z22<=100,"1.00"))))))))))) -> 5.00 | AB22: =IF(AA22="","",IF(Z22>=75,"PASSED","FAILED")) -> FAILED
A23: 10 | G23: =SUM(D23:F23) -> 0 | H23: =+G23/G13*70+30 -> 30 | I23: =+H23*0.1 -> 3 | K23: =J23*0.1 -> 0 | M23: =L23*0.1 -> 0 | N23: =+M23+K23+I23 -> 3 | P23: =O23*0.1 -> 0 | R23: =Q23/60*70+30 -> 30 | S23: =R23*0.2 -> 6 | U23: =T23/60*70+30 -> 30 | V23: =U23*0.2 -> 6 | X23: =W23/60*70+30 -> 30 | Y23: =X23*0.2 -> 6 | Z23: =N23+P23+V23+Y23+S23 -> 21 | AA23: =IF(OR(N23="",P23="",V23="",Y23="",Z23=""),"",IF(Z23<=74.99,"5.00",IF(Z23<=75.49,"3.00",IF(Z23<=78.49,"2.75",IF(Z23<=81.49,"2.50",IF(Z23<=84.49,"2.25",IF(Z23<=87.49,"2.00",IF(Z23<=90.49,"1.75",IF(Z23<=93.49,"1.50",IF(Z23<=96.49,"1.25",IF(Z23<=100,"1.00"))))))))))) -> 5.00 | AB23: =IF(AA23="","",IF(Z23>=75,"PASSED","FAILED")) -> FAILED
A24: 11 | G24: =SUM(D24:F24) -> 0 | H24: =+G24/G13*70+30 -> 30 | I24: =+H24*0.1 -> 3 | K24: =J24*0.1 -> 0 | M24: =L24*0.1 -> 0 | N24: =+M24+K24+I24 -> 3 | P24: =O24*0.1 -> 0 | R24: =Q24/60*70+30 -> 30 | S24: =R24*0.2 -> 6 | U24: =T24/60*70+30 -> 30 | V24: =U24*0.2 -> 6 | X24: =W24/60*70+30 -> 30 | Y24: =X24*0.2 -> 6 | Z24: =N24+P24+V24+Y24+S24 -> 21 | AA24: =IF(OR(N24="",P24="",V24="",Y24="",Z24=""),"",IF(Z24<=74.99,"5.00",IF(Z24<=75.49,"3.00",IF(Z24<=78.49,"2.75",IF(Z24<=81.49,"2.50",IF(Z24<=84.49,"2.25",IF(Z24<=87.49,"2.00",IF(Z24<=90.49,"1.75",IF(Z24<=93.49,"1.50",IF(Z24<=96.49,"1.25",IF(Z24<=100,"1.00"))))))))))) -> 5.00 | AB24: =IF(AA24="","",IF(Z24>=75,"PASSED","FAILED")) -> FAILED
A25: 12 | G25: =SUM(D25:F25) -> 0 | H25: =+G25/G13*70+30 -> 30 | I25: =+H25*0.1 -> 3 | K25: =J25*0.1 -> 0 | M25: =L25*0.1 -> 0 | N25: =+M25+K25+I25 -> 3 | P25: =O25*0.1 -> 0 | R25: =Q25/60*70+30 -> 30 | S25: =R25*0.2 -> 6 | U25: =T25/60*70+30 -> 30 | V25: =U25*0.2 -> 6 | X25: =W25/60*70+30 -> 30 | Y25: =X25*0.2 -> 6 | Z25: =N25+P25+V25+Y25+S25 -> 21 | AA25: =IF(OR(N25="",P25="",V25="",Y25="",Z25=""),"",IF(Z25<=74.99,"5.00",IF(Z25<=75.49,"3.00",IF(Z25<=78.49,"2.75",IF(Z25<=81.49,"2.50",IF(Z25<=84.49,"2.25",IF(Z25<=87.49,"2.00",IF(Z25<=90.49,"1.75",IF(Z25<=93.49,"1.50",IF(Z25<=96.49,"1.25",IF(Z25<=100,"1.00"))))))))))) -> 5.00 | AB25: =IF(AA25="","",IF(Z25>=75,"PASSED","FAILED")) -> FAILED
A26: 13 | G26: =SUM(D26:F26) -> 0 | H26: =+G26/G13*70+30 -> 30 | I26: =+H26*0.1 -> 3 | K26: =J26*0.1 -> 0 | M26: =L26*0.1 -> 0 | N26: =+M26+K26+I26 -> 3 | P26: =O26*0.1 -> 0 | R26: =Q26/60*70+30 -> 30 | S26: =R26*0.2 -> 6 | U26: =T26/60*70+30 -> 30 | V26: =U26*0.2 -> 6 | X26: =W26/60*70+30 -> 30 | Y26: =X26*0.2 -> 6 | Z26: =N26+P26+V26+Y26+S26 -> 21 | AA26: =IF(OR(N26="",P26="",V26="",Y26="",Z26=""),"",IF(Z26<=74.99,"5.00",IF(Z26<=75.49,"3.00",IF(Z26<=78.49,"2.75",IF(Z26<=81.49,"2.50",IF(Z26<=84.49,"2.25",IF(Z26<=87.49,"2.00",IF(Z26<=90.49,"1.75",IF(Z26<=93.49,"1.50",IF(Z26<=96.49,"1.25",IF(Z26<=100,"1.00"))))))))))) -> 5.00 | AB26: =IF(AA26="","",IF(Z26>=75,"PASSED","FAILED")) -> FAILED
A27: 14 | G27: =SUM(D27:F27) -> 0 | H27: =+G27/G13*70+30 -> 30 | I27: =+H27*0.1 -> 3 | K27: =J27*0.1 -> 0 | M27: =L27*0.1 -> 0 | N27: =+M27+K27+I27 -> 3 | P27: =O27*0.1 -> 0 | R27: =Q27/60*70+30 -> 30 | S27: =R27*0.2 -> 6 | U27: =T27/60*70+30 -> 30 | V27: =U27*0.2 -> 6 | X27: =W27/60*70+30 -> 30 | Y27: =X27*0.2 -> 6 | Z27: =N27+P27+V27+Y27+S27 -> 21 | AA27: =IF(OR(N27="",P27="",V27="",Y27="",Z27=""),"",IF(Z27<=74.99,"5.00",IF(Z27<=75.49,"3.00",IF(Z27<=78.49,"2.75",IF(Z27<=81.49,"2.50",IF(Z27<=84.49,"2.25",IF(Z27<=87.49,"2.00",IF(Z27<=90.49,"1.75",IF(Z27<=93.49,"1.50",IF(Z27<=96.49,"1.25",IF(Z27<=100,"1.00"))))))))))) -> 5.00 | AB27: =IF(AA27="","",IF(Z27>=75,"PASSED","FAILED")) -> FAILED
A28: 15 | G28: =SUM(D28:F28) -> 0 | H28: =+G28/G13*70+30 -> 30 | I28: =+H28*0.1 -> 3 | K28: =J28*0.1 -> 0 | M28: =L28*0.1 -> 0 | N28: =+M28+K28+I28 -> 3 | P28: =O28*0.1 -> 0 | R28: =Q28/60*70+30 -> 30 | S28: =R28*0.2 -> 6 | U28: =T28/60*70+30 -> 30 | V28: =U28*0.2 -> 6 | X28: =W28/60*70+30 -> 30 | Y28: =X28*0.2 -> 6 | Z28: =N28+P28+V28+Y28+S28 -> 21 | AA28: =IF(OR(N28="",P28="",V28="",Y28="",Z28=""),"",IF(Z28<=74.99,"5.00",IF(Z28<=75.49,"3.00",IF(Z28<=78.49,"2.75",IF(Z28<=81.49,"2.50",IF(Z28<=84.49,"2.25",IF(Z28<=87.49,"2.00",IF(Z28<=90.49,"1.75",IF(Z28<=93.49,"1.50",IF(Z28<=96.49,"1.25",IF(Z28<=100,"1.00"))))))))))) -> 5.00 | AB28: =IF(AA28="","",IF(Z28>=75,"PASSED","FAILED")) -> FAILED
A29: 16 | G29: =SUM(D29:F29) -> 0 | H29: =+G29/G13*70+30 -> 30 | I29: =+H29*0.1 -> 3 | K29: =J29*0.1 -> 0 | M29: =L29*0.1 -> 0 | N29: =+M29+K29+I29 -> 3 | P29: =O29*0.1 -> 0 | R29: =Q29/60*70+30 -> 30 | S29: =R29*0.2 -> 6 | U29: =T29/60*70+30 -> 30 | V29: =U29*0.2 -> 6 | X29: =W29/60*70+30 -> 30 | Y29: =X29*0.2 -> 6 | Z29: =N29+P29+V29+Y29+S29 -> 21 | AA29: =IF(OR(N29="",P29="",V29="",Y29="",Z29=""),"",IF(Z29<=74.99,"5.00",IF(Z29<=75.49,"3.00",IF(Z29<=78.49,"2.75",IF(Z29<=81.49,"2.50",IF(Z29<=84.49,"2.25",IF(Z29<=87.49,"2.00",IF(Z29<=90.49,"1.75",IF(Z29<=93.49,"1.50",IF(Z29<=96.49,"1.25",IF(Z29<=100,"1.00"))))))))))) -> 5.00 | AB29: =IF(AA29="","",IF(Z29>=75,"PASSED","FAILED")) -> FAILED
A30: 17 | G30: =SUM(D30:F30) -> 0 | H30: =+G30/G13*70+30 -> 30 | I30: =+H30*0.1 -> 3 | K30: =J30*0.1 -> 0 | M30: =L30*0.1 -> 0 | N30: =+M30+K30+I30 -> 3 | P30: =O30*0.1 -> 0 | R30: =Q30/60*70+30 -> 30 | S30: =R30*0.2 -> 6 | U30: =T30/60*70+30 -> 30 | V30: =U30*0.2 -> 6 | X30: =W30/60*70+30 -> 30 | Y30: =X30*0.2 -> 6 | Z30: =N30+P30+V30+Y30+S30 -> 21 | AA30: =IF(OR(N30="",P30="",V30="",Y30="",Z30=""),"",IF(Z30<=74.99,"5.00",IF(Z30<=75.49,"3.00",IF(Z30<=78.49,"2.75",IF(Z30<=81.49,"2.50",IF(Z30<=84.49,"2.25",IF(Z30<=87.49,"2.00",IF(Z30<=90.49,"1.75",IF(Z30<=93.49,"1.50",IF(Z30<=96.49,"1.25",IF(Z30<=100,"1.00"))))))))))) -> 5.00 | AB30: =IF(AA30="","",IF(Z30>=75,"PASSED","FAILED")) -> FAILED
A31: 18 | G31: =SUM(D31:F31) -> 0 | H31: =+G31/G13*70+30 -> 30 | I31: =+H31*0.1 -> 3 | K31: =J31*0.1 -> 0 | M31: =L31*0.1 -> 0 | N31: =+M31+K31+I31 -> 3 | P31: =O31*0.1 -> 0 | R31: =Q31/60*70+30 -> 30 | S31: =R31*0.2 -> 6 | U31: =T31/60*70+30 -> 30 | V31: =U31*0.2 -> 6 | X31: =W31/60*70+30 -> 30 | Y31: =X31*0.2 -> 6 | Z31: =N31+P31+V31+Y31+S31 -> 21 | AA31: =IF(OR(N31="",P31="",V31="",Y31="",Z31=""),"",IF(Z31<=74.99,"5.00",IF(Z31<=75.49,"3.00",IF(Z31<=78.49,"2.75",IF(Z31<=81.49,"2.50",IF(Z31<=84.49,"2.25",IF(Z31<=87.49,"2.00",IF(Z31<=90.49,"1.75",IF(Z31<=93.49,"1.50",IF(Z31<=96.49,"1.25",IF(Z31<=100,"1.00"))))))))))) -> 5.00 | AB31: =IF(AA31="","",IF(Z31>=75,"PASSED","FAILED")) -> FAILED
A32: 19 | G32: =SUM(D32:F32) -> 0 | H32: =+G32/G13*70+30 -> 30 | I32: =+H32*0.1 -> 3 | K32: =J32*0.1 -> 0 | M32: =L32*0.1 -> 0 | N32: =+M32+K32+I32 -> 3 | P32: =O32*0.1 -> 0 | R32: =Q32/60*70+30 -> 30 | S32: =R32*0.2 -> 6 | U32: =T32/60*70+30 -> 30 | V32: =U32*0.2 -> 6 | X32: =W32/60*70+30 -> 30 | Y32: =X32*0.2 -> 6 | Z32: =N32+P32+V32+Y32+S32 -> 21 | AA32: =IF(OR(N32="",P32="",V32="",Y32="",Z32=""),"",IF(Z32<=74.99,"5.00",IF(Z32<=75.49,"3.00",IF(Z32<=78.49,"2.75",IF(Z32<=81.49,"2.50",IF(Z32<=84.49,"2.25",IF(Z32<=87.49,"2.00",IF(Z32<=90.49,"1.75",IF(Z32<=93.49,"1.50",IF(Z32<=96.49,"1.25",IF(Z32<=100,"1.00"))))))))))) -> 5.00 | AB32: =IF(AA32="","",IF(Z32>=75,"PASSED","FAILED")) -> FAILED
A33: 20 | G33: =SUM(D33:F33) -> 0 | H33: =+G33/G13*70+30 -> 30 | I33: =+H33*0.1 -> 3 | K33: =J33*0.1 -> 0 | M33: =L33*0.1 -> 0 | N33: =+M33+K33+I33 -> 3 | P33: =O33*0.1 -> 0 | R33: =Q33/60*70+30 -> 30 | S33: =R33*0.2 -> 6 | U33: =T33/60*70+30 -> 30 | V33: =U33*0.2 -> 6 | X33: =W33/60*70+30 -> 30 | Y33: =X33*0.2 -> 6 | Z33: =N33+P33+V33+Y33+S33 -> 21 | AA33: =IF(OR(N33="",P33="",V33="",Y33="",Z33=""),"",IF(Z33<=74.99,"5.00",IF(Z33<=75.49,"3.00",IF(Z33<=78.49,"2.75",IF(Z33<=81.49,"2.50",IF(Z33<=84.49,"2.25",IF(Z33<=87.49,"2.00",IF(Z33<=90.49,"1.75",IF(Z33<=93.49,"1.50",IF(Z33<=96.49,"1.25",IF(Z33<=100,"1.00"))))))))))) -> 5.00 | AB33: =IF(AA33="","",IF(Z33>=75,"PASSED","FAILED")) -> FAILED
A34: 21 | G34: =SUM(D34:F34) -> 0 | H34: =+G34/G13*70+30 -> 30 | I34: =+H34*0.1 -> 3 | K34: =J34*0.1 -> 0 | M34: =L34*0.1 -> 0 | N34: =+M34+K34+I34 -> 3 | P34: =O34*0.1 -> 0 | R34: =Q34/60*70+30 -> 30 | S34: =R34*0.2 -> 6 | U34: =T34/60*70+30 -> 30 | V34: =U34*0.2 -> 6 | X34: =W34/60*70+30 -> 30 | Y34: =X34*0.2 -> 6 | Z34: =N34+P34+V34+Y34+S34 -> 21 | AA34: =IF(OR(N34="",P34="",V34="",Y34="",Z34=""),"",IF(Z34<=74.99,"5.00",IF(Z34<=75.49,"3.00",IF(Z34<=78.49,"2.75",IF(Z34<=81.49,"2.50",IF(Z34<=84.49,"2.25",IF(Z34<=87.49,"2.00",IF(Z34<=90.49,"1.75",IF(Z34<=93.49,"1.50",IF(Z34<=96.49,"1.25",IF(Z34<=100,"1.00"))))))))))) -> 5.00 | AB34: =IF(AA34="","",IF(Z34>=75,"PASSED","FAILED")) -> FAILED
A36: =A9 -> GRADING SHEET FOR FIRST SEMESTER F.Y. 2024-2025
B38: Prepared by: | G38: Noted by: | S38: Approved by:
B41: MARICRIS R. AMORADO, LPT | G41: RUBY I. ILAGAN | T41: DR. LOMELYN B. PRADO
B42: Instructor | G42: BPA Coordinator | U42: BPA Program Head/OIC-College Administrator

Sheet RATING SHEET
A8: RATING SHEET FOR FIRST SEMESTER F.Y. 2023-2024
A9: ='grading sheet'!A10 -> Course Code GE1 | C9: FINAL GRADE | D9: N. EQUIVALENT | E9: REMARKS | F9: REMOVAL
A10: ='grading sheet'!A11 -> Subject Title: PURPOSIVE COMMUNICATION
A11: Name of Students | F11: FINAL GRADE | G11: NET EQUIVALENT
A12: ='grading sheet'!A13 -> BPA1E
A13: ='grading sheet'!A14 -> 1 | B13: ='grading sheet'!B14 -> 0 | C13: ='grading sheet'!Z14 -> 21 | D13: ='grading sheet'!AA14 -> 5.00 | E13: ='grading sheet'!AB14 -> FAILED
A14: ='grading sheet'!A15 -> 2 | B14: ='grading sheet'!B15 -> 0 | C14: ='grading sheet'!Z15 -> 21 | D14: ='grading sheet'!AA15 -> 5.00 | E14: ='grading sheet'!AB15 -> FAILED
A15: ='grading sheet'!A16 -> 3 | B15: ='grading sheet'!B16 -> 0 | C15: ='grading sheet'!Z16 -> 21 | D15: ='grading sheet'!AA16 -> 5.00 | E15: ='grading sheet'!AB16 -> FAILED
A16: ='grading sheet'!A17 -> 4 | B16: ='grading sheet'!B17 -> 0 | C16: ='grading sheet'!Z17 -> 21 | D16: ='grading sheet'!AA17 -> 5.00 | E16: ='grading sheet'!AB17 -> FAILED
A17: ='grading sheet'!A18 -> 5 | B17: ='grading sheet'!B18 -> 0 | C17: ='grading sheet'!Z18 -> 21 | D17: ='grading sheet'!AA18 -> 5.00 | E17: ='grading sheet'!AB18 -> FAILED
A18: ='grading sheet'!A19 -> 6 | B18: ='grading sheet'!B19 -> 0 | C18: ='grading sheet'!Z19 -> 21 | D18: ='grading sheet'!AA19 -> 5.00 | E18: ='grading sheet'!AB19 -> FAILED
A19: ='grading sheet'!A20 -> 7 | B19: ='grading sheet'!B20 -> 0 | C19: ='grading sheet'!Z20 -> 21 | D19: ='grading sheet'!AA20 -> 5.00 | E19: ='grading sheet'!AB20 -> FAILED
A20: ='grading sheet'!A21 -> 8 | B20: ='grading sheet'!B21 -> 0 | C20: ='grading sheet'!Z21 -> 21 | D20: ='grading sheet'!AA21 -> 5.00 | E20: ='grading sheet'!AB21 -> FAILED
A21: ='grading sheet'!A22 -> 9 | B21: ='grading sheet'!B22 -> 0 | C21: ='grading sheet'!Z22 -> 21 | D21: ='grading sheet'!AA22 -> 5.00 | E21: ='grading sheet'!AB22 -> FAILED
A22: ='grading sheet'!A23 -> 10 | B22: ='grading sheet'!B23 -> 0 | C22: ='grading sheet'!Z23 -> 21 | D22: ='grading sheet'!AA23 -> 5.00 | E22: ='grading sheet'!AB23 -> FAILED
A23: ='grading sheet'!A24 -> 11 | B23: ='grading sheet'!B24 -> 0 | C23: ='grading sheet'!Z24 -> 21 | D23: ='grading sheet'!AA24 -> 5.00 | E23: ='grading sheet'!AB24 -> FAILED
A24: ='grading sheet'!A25 -> 12 | B24: ='grading sheet'!B25 -> 0 | C24: ='grading sheet'!Z25 -> 21 | D24: ='grading sheet'!AA25 -> 5.00 | E24: ='grading sheet'!AB25 -> FAILED
... A33: ='grading sheet'!A34 -> 21 | B33: ='grading sheet'!B34 -> 0 | C33: ='grading sheet'!Z34 -> 21 | D33: ='grading sheet'!AA34 -> 5.00 | E33: ='grading sheet'!AB34 -> FAILED
A35: =+A8 -> RATING SHEET FOR FIRST SEMESTER F.Y. 2023-2024
B37: Prepared by:
B41: MARICRIS R. AMORADO, LPT
B42: Part-Time Instructor
C43: Noted by :
C47: RUBY A. ILAGAN
C48: BPA Program Coordinator
E49: Verified by:
E53: CHRISTINE B. DELOS REYES
E54: College Registrar
